"school.name","town","pct.first.language.not.english","pct.students.with.disabilities","pct.economically.disadvantaged","pct.african.american","pct.asian","pct.hispanic","pct.white","pct.native.american","pct.native.hawaiian.pacific.islander","pct.multi.race.non.hispanic","pct.males","pct.females","average.teacher.salary","average.in.district.expenditures.per.pupil","pct.attending.college","sum.SAT","ratio.gender"
"Abington High","Abington",5.3,9.7,21.5,2.2,1.5,9.1,85.8,0.2,0.2,0.9,45.6,54.4,74662,12050.39,75.8,1534,0.838235294117647
"Agawam High","Agawam",4.6,14.1,22.7,1.2,2.2,5.8,88.8,0,0.1,1.9,52,48,64769,13546.48,81.6,1485,1.08333333333333
"Amesbury High","Amesbury",2.9,17,14.6,1.3,1.2,4.2,90.7,0,0,2.5,53.5,46.5,77147,13001.25,72.6,1583,1.1505376344086
"Andover High","Andover",9.5,16.1,6.3,1.9,14.5,5,76.3,0.1,0,2.2,48.9,51.1,81211,14703.35,89.3,1709,0.956947162426614
"Arlington High","Arlington",12.4,11.1,10.3,4.1,10.7,5.7,75.6,0,0.2,3.7,49.1,50.9,66493,12316.61,85,1749,0.964636542239686
"Ashland High","Ashland",11.3,13.2,10.3,2,9,9.4,77.2,0.3,0,2.2,48.8,51.2,76355,12867.66,87.7,1655,0.953125
"Attleboro High","Attleboro",10.2,14.2,25.6,5.5,4.1,12.5,73.6,0.3,0.2,3.8,54.2,45.8,76386,12517.75,74.3,1488,1.18340611353712
"Auburn Senior High","Auburn",5.7,9.6,15.2,2.1,4.3,6.4,84,0.4,0,2.8,48.1,51.9,69481,13185.35,79.1,1470,0.926782273603083
"Avon Middle High School","Avon",7.2,16.3,23.8,37.3,5.6,4.7,48.3,0.6,0,3.4,48.3,51.4,67547,14046.54,87.8,1399,0.939688715953307
"Barnstable High","Hyannis",10.9,12.2,25.5,8.4,2.8,11.5,72.2,0.9,0.4,3.7,48.7,51.3,78757,14952.35,75.5,1507,0.949317738791423
"Bedford High","Bedford",9.6,16,7.8,7.8,11.4,6.4,68.7,0,0.6,5.2,50.6,49.4,79410,15697.93,91.5,1688,1.02429149797571
"Belchertown High","Belchertown",2.4,12,13.5,2,2,4.1,90.3,0.1,0.1,1.4,50.3,49.7,63183,12262.88,89.9,1619,1.01207243460765
"Bellingham High School","Bellingham",3,19.4,15.6,1.8,3.1,5.3,88.4,0.3,0,1.2,54.5,45.5,71691,12852.89,70.1,1513,1.1978021978022
"Belmont High","Belmont",16.5,5.7,6.5,4.6,16.8,3.5,69.9,0,0.1,5.2,46.9,53.1,85241,11689.27,86.2,1781,0.883239171374765
"Beverly High","Beverly",4.1,17.7,23.8,3,2.7,10.8,81.2,0,0.2,2.2,49.8,50.2,71078,12220.91,76.6,1551,0.99203187250996
"Billerica Memorial High School","Billerica",6.8,14.9,15.2,2.3,6.4,4.6,84.3,0.1,0.3,2,49.9,50.1,74345,14737.99,76.3,1577,0.996007984031936
"Another Course To College","Hyde Park",48,22,61.4,43,5.8,39.9,7.2,0.4,0.4,3.1,49.3,50.7,88790,19224.89,81.4,1179,0.972386587771203
"Boston Arts Academy","Boston",35.8,13.4,43.6,40.5,4.5,39.4,12.5,0,0,3.1,36.2,63.8,88790,19224.89,77.8,1299,0.567398119122257
"Boston Community Leadership Academy","Hyde Park",61,22,56,36,4.8,51.2,5.8,0.4,0,1.8,51.2,48.8,88790,19224.89,81.7,1217,1.04918032786885
"Boston International High School","Dorchester",100,4.2,60.3,47.4,3.4,45.5,1.9,0,0.8,1.1,51.9,48.1,88790,19224.89,75.5,965,1.07900207900208
"Boston Latin","Boston",32.7,2.1,15.7,8,29,12.1,46.9,0.1,0,3.8,45.1,54.9,88790,19224.89,94.1,1890,0.821493624772313
"Boston Latin Academy","Dorchester",41.6,2.9,31.7,22.7,21.9,22.6,29.3,0.4,0.2,2.9,41.9,58.1,88790,19224.89,92,1610,0.721170395869191
"Brighton High","Brighton",59.3,23.8,61,44.3,3.1,45.7,5.4,0.4,0.1,1,60.3,39.7,88790,19224.89,66.2,1101,1.51889168765743
"Charlestown High","Charlestown",61.9,25.3,62.9,33.1,17,43.5,5.2,0.1,0,1.1,60.1,39.9,88790,19224.89,65.5,1128,1.5062656641604
"Community Academy of Science and Health","Dorchester",45.8,36.2,66.8,69.6,3.3,23.3,2.2,0,0,1.6,54,46,88790,19224.89,52.7,1051,1.17391304347826
"Dorchester Academy","Dorchester",33.3,34.3,72.7,61.6,1,32.3,4,0,0,1,45.5,54.5,88790,19224.89,56.1,1162,0.834862385321101
"East Boston High","East Boston",76.7,15.4,46,6.9,1.3,77.7,12.8,0.6,0,0.8,56.7,43.3,88790,19224.89,56.3,1188,1.3094688221709
"Excel High School","South Boston",53.9,27.4,64.6,37.7,21.9,28.8,9.7,0.4,0.4,1.1,61.9,38.1,88790,19224.89,71.4,1109,1.6246719160105
"Fenway High School","Roxbury",50.8,19.7,48.3,33.9,3.6,55.3,5.3,0,0.3,1.7,47.2,52.8,88790,19224.89,75.3,1222,0.893939393939394
"Greater Egleston Community High School","Roxbury",55.1,12.9,60,30.7,0,61.8,4.9,0.9,0,1.8,53.8,46.2,88790,19224.89,51.5,1117,1.16450216450216
"Jeremiah E Burke High","Dorchester",49.7,12.1,61.1,72.8,0.6,22.5,3.3,0,0,0.8,51.9,48.1,88790,19224.89,45.6,1082,1.07900207900208
"Lyon Upper 9-12","Brighton",34.1,41.3,49.2,24.6,6.3,34.1,30.2,0,0,4.8,50,50,88790,19224.89,75,1164,1
"Madison Park High","Roxbury",57.1,34.8,68.1,39.2,0.8,53.9,2.5,0.5,0.1,3,56.5,43.5,88790,19224.89,46.6,1056,1.29885057471264
"New Mission High School","Hyde Park",32.5,16.3,53.1,65,0.3,31.6,1.3,0.6,0,1.3,50.9,49.1,88790,19224.89,89.5,1229,1.03665987780041
"O'Bryant School Math/Science","Roxbury",53,3.5,44.7,32.8,22.5,30.8,11.1,0.4,0.1,2.2,44.3,55.7,88790,19224.89,88.5,1491,0.795332136445242
"Quincy Upper School","Boston",68.2,17,63.6,21.3,51,20.4,4.3,0.2,0.2,2.6,55.1,44.9,88790,19224.89,76.4,1277,1.2271714922049
"Snowden International School at Copley","Boston",52.6,20.5,62.6,35.3,6.6,49.7,5.2,0.5,0.7,2.1,47.4,52.6,88790,19224.89,75.4,1140,0.901140684410646
"TechBoston Academy","Dorchester",45.4,22.1,66.6,65.9,3.8,24.2,2.9,0.4,0.2,2.6,55.5,44.5,88790,19224.89,71.2,1137,1.24719101123595
"The English High","Jamaica Plain",54.2,19.7,65.3,41.6,1.6,53.9,2,0.4,0,0.5,55.7,44.3,88790,19224.89,57,1028,1.25733634311512
"Urban Science Academy","West Roxbury",37.3,26.2,55.1,50.9,1.4,36.3,8.3,0.2,0,2.8,60,40,88790,19224.89,56.8,1168,1.5
"West Roxbury Academy","West Roxbury",51.2,21.4,59.5,47.4,2,37.7,10.5,0.6,0.2,1.6,53.4,46.6,88790,19224.89,62.9,1086,1.14592274678112
"Bourne High School","Bourne",1.1,16.7,24.8,1.6,2.1,4.4,87.6,0,0.2,4.1,50.5,49.5,74419,14607.04,68.1,1497,1.02020202020202
"Braintree High","Braintree",11.3,21.1,17.9,5.9,13.1,3.7,76.3,0.1,0.1,0.8,50,50,73535,12952.05,86.9,1569,1
"Brockton High","Brockton",46.3,11.9,46.8,62.2,2.6,12.5,18.8,0.4,0.2,3.4,50.5,49.5,79723,13881.31,76,1321,1.02020202020202
"Brookline High","Brookline",28.5,16.2,11.7,7.6,16.7,10.4,57.2,0,0,8,50.2,49.8,91507,17165.46,80.9,1806,1.00803212851406
"Burlington High","Burlington",16.6,10.7,8.3,4.4,16.4,5.7,70.1,0.5,0.1,2.8,51.4,48.6,90475,17650.81,85.8,1578,1.05761316872428
"Cambridge Rindge and Latin","Cambridge",25.8,16.6,27.4,30.3,11.9,13.5,38.9,0.6,0.2,4.7,51.8,48.2,78456,26183.5,80.6,1561,1.0746887966805
"Canton High","Canton",5.2,7.7,11.6,10.8,9.1,4.2,71.8,0,0.1,3.9,48.8,51,77664,13208.2,87.7,1564,0.956862745098039
"Carver Middle/High School","Carver",0.5,20.1,17.9,1.3,0.2,1.1,95.6,0.1,0.1,1.6,50.7,49.3,66921,13588.37,75.5,1527,1.02839756592292
"Chelmsford High","North Chelmsford",8.4,12.6,8.6,2.6,11.9,3.8,79.9,0,0.1,1.8,48.9,51.1,73471,12204.91,89.5,1620,0.956947162426614
"Chelsea High","Chelsea",87.2,9.3,46.7,6.6,2.3,85,5.6,0,0.1,0.5,52,48,64772,12734.46,71,1321,1.08333333333333
"Chicopee Comprehensive High School","Chicopee",12.7,15.9,42.4,2.3,2.5,26.2,66.9,0.1,0.2,1.8,53.5,46.5,65358,13709.87,67.9,1396,1.1505376344086
"Chicopee High","Chicopee",16.8,20.1,47.4,4.6,2,37.4,54.5,0,0.1,1.4,49.1,50.9,65358,13709.87,77.2,1412,0.964636542239686
"Clinton Senior High","Clinton",27.3,19.5,33.3,4.1,2.6,28.8,63.5,0.2,0,0.9,54.1,45.9,66247,11794.92,74,1480,1.17864923747277
"Cohasset Middle/High School","Cohasset",0.4,12.3,4.3,3.2,2.6,1.2,92.1,0.4,0,0.5,50.7,49.3,82963,14149.82,92.9,1686,1.02839756592292
"Danvers High","Danvers",3,13.9,14.2,1.7,2.7,4.8,89.2,0.2,0,1.3,48.9,51.1,78183,13599.49,81.4,1544,0.956947162426614
"Dartmouth High","Dartmouth",4.7,10,15.8,1.1,0.4,2.4,90.6,0,0.2,5.3,50.5,49.5,73412,11893.45,80.6,1554,1.02020202020202
"Dedham High","Dedham",13,15.2,18,11.6,3.8,13.9,69.3,0,0,1.4,49.9,50.1,76417,16419.42,79.3,1487,0.996007984031936
"Douglas High School","Douglas",0.3,17.8,12.7,0.5,1,2.5,94.4,0,0.3,1.3,47.2,52.8,66853,10954.26,79.2,1551,0.893939393939394
"Dracut Senior High","Dracut",5.6,10,13.9,5.7,5.5,6.1,80.3,0,0.2,2.1,47.7,52.3,70080,10714.63,84.7,1498,0.912045889101339
"Duxbury High","Duxbury",0.8,11.7,5.5,0.3,1.2,1.3,95.9,0,0,1.2,51.2,48.8,74411,12788.45,89.7,1654,1.04918032786885
"East Bridgewater JR./SR. High School","East Bridgewater",0.7,14.7,14.1,2.8,0.3,1.9,93.2,0.2,0.2,1.4,48.6,51.2,72188,9451.51,87,1512,0.94921875
"East Longmeadow High","East Longmeadow",5.3,14.9,13.7,3.6,6,4.6,84.9,0.2,0.1,0.6,48.7,51.3,73819,12746.97,90,1575,0.949317738791423
"Easthampton High","Easthampton",7.2,15.5,27.6,2.3,4,11.7,81.1,0,0.2,0.6,47.1,52.9,70494,12172.03,77.4,1479,0.890359168241966
"Oliver Ames High","North Easton",3.8,15.2,10.5,4.8,4.1,5,82.7,0.2,0.1,3.3,47.2,52.8,73226,11924.26,90.5,1626,0.893939393939394
"Everett High","Everett",58.5,11.7,39.8,19.9,4.4,43.9,30.2,0.3,0.1,1.1,52,48,76272,12505.76,66.9,1293,1.08333333333333
"Fairhaven High","Fairhaven",2.3,12,21.6,0.8,1.6,5.8,89.1,0.2,0,2.4,47.9,52.1,65648,11215.04,78.2,1527,0.919385796545106
"B M C Durfee High","Fall River",27.9,18.4,55.2,8.3,5.5,23.4,58.2,0.2,0.2,4.3,50.8,49.2,66693,13702.5,66.2,1443,1.03252032520325
"Falmouth High","Falmouth",7.9,13.6,24.3,4.9,3.5,4,82.1,0.7,0.1,4.8,51,49,74830,15032.54,77,1574,1.04081632653061
"Fitchburg High","Fitchburg",34.9,21.7,54,7.3,6.1,48.3,32,0,0.1,6.1,52.1,47.9,70158,13106.25,67.6,1182,1.08768267223382
"Foxborough High","Foxborough",1.2,17.9,13.6,5.3,2.7,3,87.9,0.1,0.1,0.8,53.2,46.8,80964,14707.2,81.9,1568,1.13675213675214
"Acton-Boxborough Regional High","Acton",14.4,11.6,4.9,1.5,28.2,3.4,63,0.2,0,3.7,50.6,49.4,80750,12866.04,89,1866,1.02429149797571
"Hoosac Valley Middle & High School","Cheshire",0.8,22.3,39.2,5.1,1.3,1.4,91.8,0.2,0,0.2,50,50,67378,13244.06,82.3,1461,1
"Amherst Regional High","Amherst",17.6,17.8,21.9,7,9.5,14.3,59.9,0.1,0,9.2,52.1,47.9,80003,19766.61,83.7,1759,1.08768267223382
"Oakmont Regional High School","Ashburnham",1.1,15.8,14.1,0.6,1,2.3,94.4,0,0,1.7,49.9,50.1,68799,12480.34,87.8,1513,0.996007984031936
"Assabet Valley Vocational High School","Marlborough",15.4,29.2,22.5,0.9,0.7,14.6,81.1,0.5,0,2.3,57.6,42.4,77409,18669.82,51.5,1290,1.35849056603774
"Athol High","Athol",1.1,26.8,45.3,2.8,0.8,5.6,89.7,0,0,1.1,54.2,45.8,63407,14546.87,59.2,1395,1.18340611353712
"Ayer Shirley Regional High School","Ayer",8.6,19.8,25.2,7.8,2.4,10.5,72.9,0.2,0.2,5.9,50.4,49.6,60863,13579.69,67.2,1496,1.01612903225806
"Monument Mt Regional High","Great Barrington",5.5,14.1,22.1,2.2,1.8,4.8,88.5,0.2,0.2,2.4,51.4,48.6,71618,17453.01,81.9,1588,1.05761316872428
"Tahanto Regional High","Boylston",5.5,15.9,9.4,1,3.1,2.6,91.3,0,0,2.1,52.2,47.8,62286,13149.77,82.8,1564,1.09205020920502
"Blackstone Valley","Upton",0.7,9.8,10,0.6,0.8,2.9,94.1,0,0,1.6,48.2,51.8,75378,18348.63,79.3,1452,0.930501930501931
"Blackstone Millville RHS","Blackstone",3.8,14.5,17.9,0.9,1.8,3.6,92.6,0,0,1.1,48.7,51.3,61779,12571.27,62.2,1521,0.949317738791423
"Blue Hills Regional Vocational Technical","Canton",7,25.4,22.7,22.7,0.7,11.9,59.3,0.8,0.1,4.5,55.5,44.5,80551,21354.33,63.6,1297,1.24719101123595
"Bridgewater-Raynham Regional","Bridgewater",2.4,9.9,12,3.9,2.3,2.7,87.4,0.2,0.1,3.4,50,50,82349,12063.66,76.1,1545,1
"Bristol County Agricultural High","Dighton",1.5,12.6,17.1,0.2,0.2,2.6,95.5,0.2,0,1.3,28.2,71.4,66221,19277.31,72.2,1502,0.394957983193277
"Bristol-Plymouth Vocational Technical","Taunton",3.2,18.8,26.2,2.9,0.7,6.4,86.4,0.5,0,3.1,57.7,42.1,80716,17567.62,57.2,1365,1.37054631828979
"Cape Cod Region Vocational Technical","Harwich",4.3,27.3,35.8,5.1,1,10.4,76.2,2.1,0.2,5,62.4,37.6,68981,24552.02,40.7,1347,1.65957446808511
"Wahconah Regional High","Dalton",1.5,10.7,21.2,1.1,0.7,4.1,92.3,0,0,1.8,49.4,50.6,69081,15890.36,85.7,1497,0.976284584980237
"Concord Carlisle High","Concord",5,16.5,5.4,4.3,9.5,4,78.5,0,0,3.7,47.8,52.1,100731,19193.5,89.7,1856,0.91746641074856
"Dennis-Yarmouth Regional High","South Yarmouth",14.3,17.4,34.3,10,2.9,10.3,70.2,1.6,0.1,5,50.7,49.3,67658,16951.87,71.3,1451,1.02839756592292
"Dighton-Rehoboth Regional High School","North Dighton",1.2,13,14,1,1.1,4.3,91.6,0,0,2,55.6,44.4,67485,12441.72,78.9,1626,1.25225225225225
"Dover-Sherborn Regional High","Dover",2.1,11.7,3.4,2.3,6.1,2.6,85.7,0,0,3.2,48.6,51.4,94698,18470.91,90.6,1841,0.945525291828794
"Shepherd Hill Regional High","Dudley",5.5,10.4,17.2,1.7,2.2,6.7,87,0.3,0.2,1.8,48.2,51.8,66931,10878.67,77,1525,0.930501930501931
"Essex Technical High School","Hathorne",6.8,21.2,21,1.3,1.5,12.3,81.6,0.1,0.1,3.1,43,57,68534,21718.77,65.7,1420,0.754385964912281
"Framingham High School","Framingham",40.1,14.9,22.7,6.9,6.1,22,62,0.1,0,2.7,51.4,48.6,76040,16316.86,73.5,1605,1.05761316872428
"Franklin High","Franklin",4.2,12.7,5.9,1.7,4.5,2.1,89.4,0.2,0.2,2,49.2,50.8,73230,11683.31,89.9,1630,0.968503937007874
"Apponequet Regional High","Lakeville",1,14.6,10.8,1.4,1.5,1.8,93.7,0.3,0.1,1.2,49.5,50.5,74984,11616.22,86.5,1546,0.98019801980198
"Frontier Regional","South Deerfield",3.3,19.1,17.5,1.3,3.1,4.4,88.4,0,0.3,2.5,54,46,65008,16972.61,85.9,1574,1.17391304347826
"Gardner High","Gardner",7.9,18.1,41.5,2.7,2.1,12.5,78.5,0.4,0,3.8,53.6,46.4,61036,12638.25,82.1,1338,1.1551724137931
"Gateway Regional High","Huntington",3.2,16.4,28.6,0.5,0.9,2.7,94.1,0,0,1.8,44.1,55.9,57985,15869.45,76.9,1610,0.788908765652952
"Georgetown High School","Georgetown",0.2,13.6,10.2,0.7,1,2.7,93.2,0,0,2.4,47.7,52.3,66512,12037.39,92.5,1623,0.912045889101339
"Turners Fall High","Montague",8.2,16,34.6,1.7,0.4,7.4,86.1,0,0,4.3,49.8,50.2,58115,17719.98,71.4,1471,0.99203187250996
"Gloucester High","Gloucester",9.7,25.6,32.6,2.2,1.7,7.5,85.7,0.2,0.7,2,51.1,48.9,72400,16061.48,69.8,1480,1.04498977505112
"Grafton High School","Grafton",3.4,13.7,10.8,1.2,8.9,3.5,84.1,0,0.1,2.3,48.4,51.6,67559,10775.76,81.1,1609,0.937984496124031
"Granby Jr Sr High School","Granby",5.2,14.7,20.5,1,3.1,6,88.5,0,0,1.3,54.3,45.7,57229,11296.4,79.5,1517,1.18818380743982
"Diman Regional Vocational Technical High","Fall River",5.4,9.8,36.1,1.6,1.4,8.4,83.4,0.4,0.1,4.7,55.8,44.2,80411,18102.12,55.5,1327,1.26244343891403
"Gr Lawrence Regional Vocational Technical","Andover",40.8,20.4,52.1,0.8,1,80.6,17.4,0.1,0,0.1,49.2,50.8,77944,22259.51,56.3,1158,0.968503937007874
"Gr Lowell Regional Vocational Technical","Tyngsborough",24.1,21.2,43.9,3.4,16.4,31.8,44.3,0.5,0,3.6,55.2,44.8,79965,19131.19,52.4,1303,1.23214285714286
"Gr New Bedford Vocational Technical","New Bedford",23.2,11.3,36.9,8.7,0.7,19.9,66.7,0.4,0,3.6,49.6,50.4,79750,18681.57,58.6,1318,0.984126984126984
"Greenfield High","Greenfield",12.1,17.9,44.4,3.1,3.1,14.7,74.1,0,0,4.9,54,46,60968,15104.92,74.1,1476,1.17391304347826
"Groton Dunstable Regional","Groton",1,12.1,3.1,0.7,5.9,0.9,91.7,0.1,0.1,0.5,50.2,49.8,78291,12503.06,89.7,1680,1.00803212851406
"Hopkins Academy","Hadley",7.4,7.8,11.2,3.9,2.3,8.1,80.6,0.4,1.2,3.5,50,50,60970,12240.15,85.4,1625,1
"Hamilton-Wenham Regional High","South Hamilton",0.9,13.2,6.3,0.2,4,2.3,91.1,0,0.2,2.3,46.9,53.1,73336,14975.83,89.3,1689,0.883239171374765
"Minnechaug Regional High","Wilbraham",2.7,13.6,11.5,2.7,3,5.2,86.7,0.1,0.2,2.2,50.2,49.8,71211,13239.45,86.6,1562,1.00803212851406
"Hampshire Regional High","Westhampton",3.4,18.1,16.3,0.7,0.5,2.8,93.5,0.1,0,2.3,44.9,55.1,71416,16387.61,85.5,1555,0.814882032667877
"Hanover High","Hanover",1.5,16.6,5.7,0.6,2,0.9,96.1,0,0,0.4,52.9,46.8,76609,12094.9,86.9,1520,1.13034188034188
"Bromfield","Harvard",3.1,11,5.3,1.9,12.1,3.2,81,0,0,1.8,50.7,49.3,83504,15103.31,90.7,1766,1.02839756592292
"Smith Academy","Hatfield",0.5,18.2,14.1,1.5,2.5,3.5,88.9,0,0,3.5,52,48,58030,13108.95,78,1653,1.08333333333333
"Haverhill High","Haverhill",17.2,17.1,34.6,3.5,2.2,30.9,62.4,0.1,0,0.9,52.8,47.2,67376,12457.32,67.4,1520,1.11864406779661
"Hingham High","Hingham",0.7,11.2,6.4,0.9,2.1,2.8,91.4,0,0,2.8,50.9,49.1,77082,11592.22,87.9,1687,1.03665987780041
"Holbrook Jr Sr High","Holbrook",15.1,15.1,34.6,23.2,4.9,11,54.8,0,0,6,50.5,49.5,62041,12785.25,62.1,1381,1.02020202020202
"Holliston High","Holliston",3.8,13.5,5.6,0.6,5.2,2.1,89.6,0,0,2.5,51.5,48.5,78598,12351.09,89,1691,1.06185567010309
"Holyoke High","Holyoke",42.8,16.6,62,2.6,1,72.1,22.7,0,0.1,1.4,51.9,48.1,67517,16026.68,69.3,1416,1.07900207900208
"Wm J Dean Vocational Technical High","Holyoke",63.5,38.9,83.3,2,0.4,90.9,6.7,0,0,0,58.3,41.7,67517,16026.68,46.7,1083,1.39808153477218
"Hopedale Jr Sr High","Hopedale",4.6,16.4,9,1.1,1.9,2.9,92.4,1,0,0.8,48.3,51.7,65526,11568.45,85.9,1577,0.934235976789168
"Hopkinton High","Hopkinton",2.5,11.5,3.8,0.5,7.6,1.4,89.1,0.3,0,1.2,48.5,51.5,82436,13080.71,89.9,1676,0.941747572815534
"Hudson High","Hudson",16.2,15.5,19.3,1.7,2.1,5.8,88.5,0.3,0,1.5,48.9,51.1,73889,13962.57,87.7,1521,0.956947162426614
"Hull High","Hull",1.3,18,27.3,1,1,3.2,92,0,0.3,2.6,56.6,43.4,80206,17044.1,76.7,1522,1.30414746543779
"Ipswich High","Ipswich",2.9,12.3,9,0.7,2,3.5,90.8,0,0,2.9,49.7,50.3,68727,13368.23,80.8,1562,0.988071570576541
"King Philip Regional High","Wrentham",2.3,11,8.1,1.3,1.7,1.5,93.5,0,0.1,1.9,53,47,69091,12376.12,87.4,1630,1.12765957446809
"Lee Middle/High School","Lee",6.6,12.6,28.1,0,2,8.9,87.1,0,0,2,49.9,50.1,64212,17810.4,70.6,1559,0.996007984031936
"Leicester High","Leicester",5.3,12.3,19.3,4.6,3.1,4.8,84.8,0.7,0.4,1.5,50.5,49.5,72758,11748.62,81.2,1566,1.02020202020202
"Lenox Memorial High","Lenox",6.4,9.5,18.9,0.7,5.3,6.4,85.3,0.2,0,2.2,45.5,54.5,72217,18273,92.2,1789,0.834862385321101
"Center For Technical Education Innovation","Leominster",20.7,25.7,36.5,7.8,3.6,31.5,53.6,0,0.4,3.2,62.8,37.2,68580,12837.48,51.9,1635,1.68817204301075
"Leominster High School","Leominster",21.7,15.3,27.4,9.1,3.3,26,59.4,0.4,0,1.8,46.9,53.1,68580,12837.48,75.3,1452,0.883239171374765
"Lexington High","Lexington",24.1,9.9,5.6,3.5,36.2,3.6,52.4,0,0,4.2,50.2,49.8,80975,16939.5,84.2,1875,1.00803212851406
"Lincoln-Sudbury Regional High","Sudbury",3.6,15.4,5.5,4.3,6.1,4.2,80.6,0.1,0.1,4.7,49.7,50.3,91243,16151.19,86.5,1759,0.988071570576541
"Littleton High School","Littleton",2.8,18.6,5.4,0.4,4.9,1.5,89.7,0,0.6,2.8,49,51,72469,12571.87,87.1,1745,0.96078431372549
"Longmeadow High","Longmeadow",4.5,15.8,5.5,2.4,8.7,3.8,82.9,0,0.1,2.1,49.8,50.2,69770,13342.07,92.3,1663,0.99203187250996
"Lowell High","Lowell",18.5,10.3,44.3,11.3,32,23.8,30.8,0.1,0,1.9,50,50,76951,13577.86,77.9,1402,1
"Ludlow Senior High","Ludlow",9.2,14.3,20.3,2,0.6,7.8,87.5,0.2,0,1.9,49.5,50.5,59724,13854.68,80,1494,0.98019801980198
"Lunenburg High","Lunenburg",2.7,12.5,14.1,3.2,4.3,2.7,87.7,0.5,0.2,1.4,48.3,51.7,74592,11525.43,87.3,1563,0.934235976789168
"Classical High","Lynn",58.1,12,43.8,11.9,11.7,50.9,22.8,0.2,0.1,2.4,52.9,47.1,73395,13379.26,63.3,1347,1.12314225053079
"Lynn English High","Lynn",60.1,11.5,44.3,9.7,8.1,60.3,18.8,0.1,0,2.9,52.4,47.6,73395,13379.26,66.2,1344,1.10084033613445
"Lynn Vocational Technical Institute","Lynn",62.2,24.8,48.7,8.6,6,66.9,15.9,0.2,0,2.5,57.9,42.1,73395,13379.26,45,1260,1.37529691211401
"Lynnfield High","Lynnfield",3.5,14.8,7.8,2.1,3,3.5,90.1,0,0,1.3,48.9,51.1,79560,13627.87,87.5,1618,0.956947162426614
"Malden High","Malden",52.5,14.1,39.9,21.2,23.4,22.9,28.6,0.4,0.1,3.4,50.6,49.4,83740,12946.88,76.6,1406,1.02429149797571
"Manchester Essex Regional High School","Manchester",2.6,9.7,8,0.2,0.7,0.7,97.9,0,0,0.5,43.9,56.1,72385,14794.24,89.3,1778,0.7825311942959
"Mansfield High","Mansfield",4.4,11.5,9.1,2.5,3.6,3.3,87.9,0.3,0.2,2.2,49.4,50.6,77465,13243.08,89.1,1644,0.976284584980237
"Marblehead High","Marblehead",4.8,20.5,8.8,3.7,1.6,5.4,87.7,0.1,0,1.4,46.1,53.9,67142,13503.8,89.3,1692,0.855287569573284
"Marlborough High","Marlborough",37,15.4,28,3.3,3.8,41.8,49.8,0.1,0,1.3,51.1,48.9,75495,15047.5,76.8,1500,1.04498977505112
"Marshfield High","Marshfield",1.7,14,10.2,0.9,0.8,2.2,95.1,0.2,0.1,0.7,49.8,50.2,70582,12077.79,87.1,1550,0.99203187250996
"Martha's Vineyard Regional High","Oak Bluffs",12.1,19.1,19.8,3.3,1.2,10.3,78.7,1.8,0.2,4.5,52.2,47.8,88815,27435.71,75.6,1568,1.09205020920502
"Masconomet Regional High School","Boxford",1.9,13.7,5.8,0.3,3.1,2.4,92.7,0.3,0,1.2,49.8,50.2,94253,14142.63,90.8,1663,0.99203187250996
"Mashpee High","Mashpee",2.9,17.3,23.6,3.6,1.7,3.4,80.5,5.1,0,5.8,54.5,45.5,73750,16488.45,69.2,1470,1.1978021978022
"Maynard High","Maynard",8.4,17.7,17.1,4.8,3.8,11.2,76.9,0.2,0,3.2,49.2,50.8,68774,14343.99,76.4,1610,0.968503937007874
"Medfield Senior High","Medfield",1.2,10.5,3.8,1.1,5.5,2.1,88.8,0,0.2,2.3,50.2,49.8,78845,13333.46,94.5,1698,1.00803212851406
"Medford High","Medford",19.5,15.6,24.8,17.1,10.2,8.9,60.3,0.2,0,3.3,48,52,72648,15549.73,81.8,1558,0.923076923076923
"Medford Vocational Technical High","Medford",7,36.2,36.2,14.8,1.6,8.9,72.4,0,0,2.3,65,35,72648,15549.73,33.3,1208,1.85714285714286
"Medway High","Medway",0.3,11.7,6.3,1.3,1.8,3,91.6,0.4,0.1,1.7,50.9,49.1,85216,12353.44,87.8,1608,1.03665987780041
"Melrose High","Melrose",8.6,14.9,11.8,7.8,4,4.6,80.5,0,0,3.1,47,53,60939,11561.75,84.5,1591,0.886792452830189
"Nipmuc Regional High","Upton",2.9,12.5,10.3,1,2,2.9,91.9,0,0,2.2,46,54,75823,12895.83,84.6,1587,0.851851851851852
"Methuen High","Methuen",24.6,10.8,30.2,0.2,4,33.7,56.6,0.2,0.1,5.1,52,48,77384,11950.09,77.8,1414,1.08333333333333
"Middleborough High","Middleborough",1,17.6,21,2.2,0.7,3.2,90.3,0.6,0,3,51.6,48.4,67080,13017.71,72.8,1491,1.06611570247934
"Milford High","Milford",22,13.2,26.4,3,2.5,22,69.6,1.4,0.1,1.4,49.8,50.2,71246,12788.8,77.3,1511,0.99203187250996
"Millbury Junior/Senior High","Millbury",4.4,17.3,22.7,2.5,1.9,7.4,84.9,0.3,0.1,2.9,49.2,50.8,75778,14091.49,75.4,1431,0.968503937007874
"Millis High School","Millis",0.5,11,9.7,2.6,1.8,3.6,89.5,1,0.3,1.3,49.5,50.5,76193,12860.86,88.2,1515,0.98019801980198
"Milton High","Milton",8.3,11.9,11.2,21.1,7.1,5.1,62.1,0,0.4,4.2,49.1,50.9,80117,13231.61,89.3,1609,0.964636542239686
"Minuteman Regional High","Lexington",5,48.3,26.1,6.2,3.3,10.1,76.8,0.3,0,3.3,66.5,33.3,81199,28226.88,57.7,1398,1.996996996997
"Mohawk Trail Regional High","Shelburne Falls",0.2,21.8,34.6,0.5,1.2,2.8,91.5,0.2,0,3.8,49.8,50.2,74302,17977.05,79.3,1601,0.99203187250996
"Monomoy Regional High School","Harwich",7,14.9,20.5,6.5,2.2,3.5,83,0.7,0,4.2,50.1,49.9,71252,16587.14,76.5,1602,1.00400801603206
"Monson High School","Monson",1.4,8.7,17.1,0.7,0.7,1.7,94.1,0,0.3,2.4,49.8,50.2,60397,13515.13,81.6,1477,0.99203187250996
"Montachusett Regional Vocational Technical","Fitchburg",3.8,14.6,23,0.9,1,13.9,80.1,0.1,0,4.1,54.6,45.2,76994,18715,53.8,1383,1.20796460176991
"Mt Greylock Regional High","Williamstown",0.7,14.8,17.6,1.4,1.1,2.5,90,0.2,0,4.8,49.3,50.7,79391,18458.22,84.9,1755,0.972386587771203
"Nantucket High","Nantucket",21.7,16.9,17.3,12.5,1.5,23.4,59.3,0.4,0,3,52.4,47.6,84528,20200.23,72.7,1525,1.10084033613445
"Narragansett Regional High","Baldwinville",0.8,14,20.2,0.8,0.8,5.1,90.1,0,0,3.2,48.7,51.3,63710,12522.63,65.9,1499,0.949317738791423
"Nashoba Regional","Bolton",2.2,13.2,5,1.6,2.3,4.9,87.1,0.2,0,3.9,48.8,51.2,71458,13889.52,90,1654,0.953125
"Nashoba Valley Technical High School","Westford",1.1,34.2,19.5,0.7,0.8,6.3,88.7,0.8,0,2.7,58.9,41,71400,17111.12,56.2,1364,1.43658536585366
"Natick High","Natick",6.9,15.7,10.3,3.5,7.7,4.1,81.4,0.1,0.1,3,50.3,49.7,68893,12958.47,85.5,1658,1.01207243460765
"Nauset Regional High","North Eastham",3.9,12.5,17.9,4.5,2.7,3,86.7,0.5,0.1,2.5,47.5,52.5,80325,17638.34,77.6,1571,0.904761904761905
"Needham High","Needham",8,15.6,5.5,3.4,7.7,5,80.8,0.1,0.1,3,49.7,50.3,87555,15061.8,91,1730,0.988071570576541
"New Bedford High","New Bedford",40.5,18.4,58.9,13,1.1,46.1,34.8,0.8,0.4,3.9,53.5,46.5,73320,12960.92,63.4,1319,1.1505376344086
"Newburyport High","Newburyport",3,10.4,10.5,1.2,1.5,4,91.1,0,0,2.2,47.2,52.6,78278,13701.74,85,1656,0.897338403041825
"Newton North High","Newtonville",17.5,24.6,10.4,5,14.3,9.3,66.4,0.2,0.1,4.7,49.9,50.1,75665,17156.03,85.7,1750,0.996007984031936
"Newton South High","Newton Centre",25.9,17.8,8.8,5.9,19.6,6.1,64.1,0.1,0,4.3,50.9,49.1,75665,17156.03,84.1,1815,1.03665987780041
"Norfolk County Agricultural","Walpole",0,17.4,14,1.5,0.9,3.2,91.2,0.4,0,2.8,28.7,71.3,74644,22390.88,80.2,1496,0.402524544179523
"Drury High","North Adams",1.1,23.7,53.3,3.4,0,5.9,82.9,0.2,0.2,7.3,47.6,52.4,62613,15498.75,50,1417,0.908396946564886
"North Andover High","North Andover",6.7,10.9,10.8,3.2,6.9,7.3,80.4,0.2,0.4,1.6,46.3,53.7,77466,10810.59,89.5,1570,0.86219739292365
"North Attleboro High","North Attleborough",5.3,12,12.4,2.8,5.7,4.6,84.8,0.4,0.1,1.7,49.5,50.5,72079,10763.77,87.7,1575,0.98019801980198
"North Brookfield High","North Brookfield",2.2,12.2,34.3,1.3,0.9,5.7,89.6,0,0,2.6,43.9,56.1,71668,14088.95,71.4,1447,0.7825311942959
"North Middlesex Regional","Townsend",1.9,13.7,12.6,1.3,0.8,3.1,92.8,0,0.1,1.9,48.1,51.9,64610,12917.96,84.1,1553,0.926782273603083
"North Reading High","North Reading",1.4,15.5,5.9,0.4,2.7,2.2,93.6,0,0.2,0.9,49.9,50.1,73771,13408.31,81.1,1646,0.996007984031936
"Northampton High","Northampton",7.9,15,18.6,2.4,5,14,74.4,0.1,0,4.1,46.8,53.2,58980,13562.57,86.2,1717,0.879699248120301
"Algonquin Regional High","Northborough",9.3,11.3,5.5,1.2,10.2,4.7,80.8,0.1,0.3,2.6,47.1,52.9,86947,15029.52,93.1,1669,0.890359168241966
"Northbridge High","Whitinsville",3.3,13.2,24,0.5,1.2,7.7,87.8,0,0,2.7,52.4,47.6,68961,11818.16,57.6,1458,1.10084033613445
"Northeast Metro Regional Vocational","Wakefield",19.1,23.2,30.8,2.9,1.7,27,66.7,0,0.2,1.6,54.1,45.9,82279,20309.02,47.7,1306,1.17864923747277
"Charles McCann Vocational Technical","North Adams",0,19.2,30.2,1,0.2,3.1,92.8,0.2,0,2.7,63,37,78016,19790.59,42.6,1400,1.7027027027027
"Norton High","Norton",1,13.8,13.6,1.7,1.6,1.7,93.4,0,0.4,1.2,50.6,49.4,65933,12135.69,80.4,1535,1.02429149797571
"Norwell High","Norwell",0.7,10,3.5,0.4,2.1,2,94.1,0,0.1,1.3,48,52,76313,13584.7,89.9,1657,0.923076923076923
"Norwood High","Norwood",13.9,15.6,20.4,12.7,3.9,9.5,72.2,0,0,1.7,50.4,49.6,73187,14396.05,82.9,1541,1.01612903225806
"Old Colony Regional Vocational Technical","Rochester",0.2,23.6,17.6,0.9,0.5,0.4,96.5,0,0,1.6,61.7,38.3,73771,19290.69,46.5,1348,1.61096605744125
"Old Rochester Regional High","Mattapoisett",0.9,11.1,7.9,2.3,2.3,1.7,91.6,0.1,0,2,49.2,50.8,79836,14163.61,86.7,1613,0.968503937007874
"Oxford High","Oxford",2.4,13.8,34.8,1.9,1.7,9.5,82.9,0.4,0,3.7,49.6,50.4,65892,12898.4,76.6,1511,0.984126984126984
"Palmer High","Palmer",3.5,18.5,30.7,2.9,1.9,6.2,87,0,0,2.1,53.7,46.3,67521,13140.45,77,1500,1.15982721382289
"Pathfinder Vocational Technical","Palmer",0.2,25.7,36.6,0.6,0.8,5.7,88.2,0.8,0,3.9,60.2,39.8,68920,22674.12,40.5,1306,1.51256281407035
"Peabody Veterans Memorial High","Peabody",5.4,19.2,27.4,4,2.1,15.7,76.2,0,0,1.9,50.8,49.2,75438,12513.29,75.9,1481,1.03252032520325
"Pembroke High School","Pembroke",0.3,10.3,10.7,0.9,0.8,0.4,97,0,0.4,0.4,50.2,49.8,75527,10967.3,76,1527,1.00803212851406
"Pentucket Regional Sr High","West Newbury",0.1,11.3,8.7,0.3,1.2,2.3,95.5,0,0,0.7,47.5,52.5,71532,13266.92,83.6,1584,0.904761904761905
"Pioneer Valley Regional","Northfield",0.5,12.7,16.6,2,1,1.7,92.9,0.2,0,2.2,48.7,51.3,53763,15478.08,69.6,1524,0.949317738791423
"Pittsfield High","Pittsfield",10.3,25.7,38.4,10.8,2.1,11.5,70.8,0.1,0,4.6,51.5,48.5,64515,14780.04,70.1,1489,1.06185567010309
"Taconic High","Pittsfield",5.1,17.6,40.7,12.9,1.4,6.9,71.8,0.3,0,6.7,51.6,48.4,64515,14780.04,72.8,1473,1.06611570247934
"Plymouth North High","Plymouth",4.3,16.7,23.6,2.8,1.5,5.7,86.7,0.2,0.1,3.1,51.1,48.9,66619,14504,74.5,1433,1.04498977505112
"Plymouth South High","Plymouth",0.5,20.8,16.5,1.7,0.9,2.8,90.3,0.8,0.3,3.3,53.3,46.7,66619,14504,62.8,1413,1.14132762312634
"Quabbin Regional High School","Barre",1.9,14.9,19.7,0.6,0.9,4.7,90.7,0,0,3.1,49.3,50.7,72643,13330.43,76.9,1509,0.972386587771203
"Quaboag Regional High","Warren",6,12.6,35.1,0.5,0.5,7.1,89,0,0,2.7,49.6,50.4,68731,12024.58,63.6,1508,0.984126984126984
"North Quincy High","Quincy",46.3,12.6,33.1,2.4,58.4,2.9,35.2,0.2,0,0.9,50.5,49.4,76182,14652.63,79.5,1432,1.02226720647773
"Quincy High","Quincy",24.4,19.3,34.7,10.4,20.6,7.1,58.4,0.1,0.3,2.9,53.6,46.3,76182,14652.63,70.5,1459,1.15766738660907
"Ralph C Mahar Regional","Orange",1.3,16.4,40.3,2.4,1.3,6.8,84.6,0.5,0,4.6,50.7,49.3,61118,13676.76,70.3,1506,1.02839756592292
"Randolph High","Randolph",45.1,19.3,42.7,57.6,18.3,10.9,8.8,0.3,0.4,3.7,54.1,45.9,66818,15205.13,74.4,1324,1.17864923747277
"Reading Memorial High","Reading",2.1,18.1,5.9,2.3,4.4,1,91.1,0.2,0,1,48.9,51.1,70262,11748.11,91.7,1623,0.956947162426614
"Revere High","Revere",60.4,10.1,38.4,4.7,6.2,54.1,32.7,0.2,0,2.2,49.5,50.5,78788,13168.71,69,1316,0.98019801980198
"Rockland Senior High","Rockland",5.1,3.8,27.3,4.7,0.3,8.1,82.6,0,0,4.3,52.5,47.5,71109,13006.66,71.8,1449,1.10526315789474
"Rockport High","Rockport",1.4,16.7,13.3,1.4,1,2.4,92.5,0,0,2.7,51.7,48.3,74556,15317.98,84.8,1561,1.0703933747412
"Salem High","Salem",33.8,24.5,45.4,7.7,2.3,43,43,0.2,0,3.9,51.8,48.2,73185,17572.31,69.6,1437,1.0746887966805
"Sandwich High","East Sandwich",1,14.2,9.7,1.1,2.3,1.4,94.9,0.1,0,0.1,51.9,48.1,91022,14225.47,84.1,1558,1.07900207900208
"Saugus High","Saugus",12.8,12.8,25.7,5.5,5.9,12.4,75.4,0.4,0,0.4,50.3,49.7,69552,13789.22,84.6,1474,1.01207243460765
"Scituate High School","Scituate",1,12.3,10,2.6,1.3,0.2,94.3,0,0.1,1.4,47.3,52.7,78313,13037.81,90.2,1638,0.89753320683112
"Seekonk High","Seekonk",3.1,14.9,14.6,1.9,2.4,2.9,90.6,0,0,2.2,46.8,53.2,75935,13116,85.4,1579,0.879699248120301
"Sharon High","Sharon",18.5,12.5,6.2,8.1,22.1,3.8,62.9,0,0,3,51.2,48.8,78087,14618.81,87,1752,1.04918032786885
"Shawsheen Valley Vocational Technical High School","Billerica",0.9,24,13.1,1.5,0.7,4.3,91.5,0.3,0,1.6,57.5,42.5,82948,19508.76,55.3,1407,1.35294117647059
"Shrewsbury Sr High","Shrewsbury",22.7,11.6,8,1.9,20.6,7.5,67.1,0.2,0.1,2.6,46.7,53.1,75488,11977.91,93.5,1665,0.879472693032015
"Silver Lake Regional High","Kingston",0.3,16.1,14.9,1.6,0.7,1,95.9,0,0.2,0.5,52.5,47.5,79060,14167.49,75.4,1568,1.10526315789474
"Somerset Berkley Regional High School","Somerset",1.4,9.8,13.9,1.4,0.5,2.5,92.5,0,0,3.1,46.8,53.2,62858,14395.45,86.5,1558,0.879699248120301
"Somerville High","Somerville",57.4,16.9,39.6,13.6,9.4,45.8,30.5,0,0,0.7,54.7,45.3,71541,17472.82,72.8,1406,1.2075055187638
"South Hadley High","South Hadley",1.5,13.4,19.3,3.1,1.7,7.2,86.8,0,0.4,0.9,50.3,49.7,69927,13909.41,79.9,1511,1.01207243460765
"Joseph P Keefe Technical High School","Framingham",20.1,44.4,38.1,5.9,0.1,46.3,43.5,0.8,0,3.3,56.9,43.1,75650,25757.56,43.8,1257,1.32018561484919
"So Shore Vocational Technical High","Hanover",0.2,30.8,25.6,0.8,0.5,3.3,92.8,0,0.2,2.5,66.4,33.6,85595,20257.67,42.7,1354,1.97619047619048
"Southeastern Regional Vocational Technical","South Easton",23.7,21.2,39.1,32.6,1.4,11.7,50.4,0.1,0,3.9,51.2,48.8,81685,20048.2,55.8,1257,1.04918032786885
"Mt Everett Regional","Sheffield",4.1,18.2,29.5,0.7,0,6.8,87,0,0,5.5,51,49,70660,21153.42,71.9,1515,1.04081632653061
"Bay Path Regional Vocational Technical High School","Charlton",0.4,14.6,26.8,0.5,0.4,6.7,91.3,0.1,0,0.9,58,42,72553,18222.32,42.3,1361,1.38095238095238
"Southwick Regional School","Southwick",2.4,19,16.8,1.9,0.4,3.8,92.8,0,0,1.1,50.6,49.4,62747,12917.28,81.4,1538,1.02429149797571
"David Prouty High","Spencer",1.5,11.8,32.8,1.2,1.2,8.6,84,0,0,5,54.4,45.6,62539,12195,68.8,1521,1.19298245614035
"High School Of Commerce","Springfield",37.6,21.9,73.8,19.8,1.5,69.3,8.2,0,0,1.1,53.2,46.8,65293,15139.18,56.7,1047,1.13675213675214
"Roger L. Putnam Vocational Technical Academy","Springfield",28.2,16,65.8,19.5,1.6,65.5,12.6,0,0,0.9,45.8,54.2,65293,15139.18,58.4,1065,0.845018450184502
"Springfield Central High","Springfield",26.6,16.3,62.4,24.1,6,51.5,17,0,0.1,1.1,51.8,48.2,65293,15139.18,75.4,1199,1.0746887966805
"Springfield High School of Science and Technology","Springfield",34.7,21.5,73.9,17.3,2.3,68.4,11.3,0,0.1,0.7,58.8,41.2,65293,15139.18,54.3,974,1.42718446601942
"The Springfield Renaissance School an Expeditionary Learning School","Springfield",11.6,15.8,47.8,25.2,1.4,47,25.4,0,0.1,0.8,51.6,48.4,65293,15139.18,84.4,1294,1.06611570247934
"Stoneham High","Stoneham",10.2,12.4,12.8,2.8,3.5,5.2,86.3,0.1,0,2.1,49.3,50.7,66693,13776.58,88.1,1485,0.972386587771203
"Stoughton High","Stoughton",15.1,12.3,22,22.2,5.5,5.9,64.5,0,0.1,1.8,51.8,48.2,76466,12885.55,84,1532,1.0746887966805
"Sutton High School","Sutton",0.5,10.8,7,0.2,0.9,1.6,92.5,0.2,0,4.5,49.1,50.9,72210,12034.34,86.8,1546,0.964636542239686
"Swampscott High","Swampscott",6.9,12.3,13.1,4.6,2.1,9.7,81.5,0,0.4,1.6,49.2,50.8,75877,14213.39,90.6,1570,0.968503937007874
"Joseph Case High","Swansea",1.5,10,21.6,1.7,1.3,1.7,93.9,0.2,0,1.1,52.7,47.3,62775,12650.1,72.5,1555,1.11416490486258
"Tantasqua Regional Sr High","Fiskdale",0.9,5.9,12.9,0.5,1.4,4.1,91.2,0.1,0,2.6,43.6,56.4,73069,13279.14,83.6,1638,0.773049645390071
"Tantasqua Regional Vocational","Fiskdale",0.4,18.7,23.3,0.2,0.4,5,91.5,0.6,0,2.2,61.4,38.6,73069,13279.14,50,1463,1.59067357512953
"Taunton High","Taunton",9.9,14.6,37.1,14.5,1.8,11.8,67.9,0.1,0.3,3.6,50.1,49.8,73662,11409.87,72.2,1472,1.00602409638554
"Tewksbury Memorial High","Tewksbury",1.4,14.4,12.3,1.5,2.6,2.9,92.6,0,0.2,0.3,52.8,47.2,73944,13517.2,77.7,1496,1.11864406779661
"Tri-County Regional Vocational Technical","Franklin",0.5,29.5,20.8,0.4,0.7,4.6,89.2,0.4,0.2,4.5,55,44.9,79134,17805.51,58.4,1443,1.22494432071269
"Triton Regional High School","Byfield",3.4,12.7,14.2,0.8,1.7,2.2,94.7,0,0,0.6,47.9,52.1,75098,14409.75,82.3,1591,0.919385796545106
"Tyngsborough High School","Tyngsborough",2.6,8.9,9.1,2.2,6.1,3.6,85.2,0,0,3,49.3,50.7,71705,12878.87,83,1479,0.972386587771203
"Upper Cape Cod Vocational Technical","Bourne",0,17.5,25.8,4.4,1.7,1.4,87.6,0.6,0,4.4,61.8,38.2,68731,21405.21,62.2,1383,1.61780104712042
"Uxbridge High","Uxbridge",3.5,14.9,17.2,1.5,1.5,2.7,91.9,0.6,0.2,1.7,53.5,46.5,70226,12732.51,72.9,1532,1.1505376344086
"Wachusett Regional High","Holden",3.2,12.5,8.6,1.9,3.2,4.1,88.9,0,0.2,1.7,47.3,52.7,68835,10896.5,84.6,1616,0.89753320683112
"Wakefield Memorial High","Wakefield",3.1,14.1,12.7,3.1,3.1,2.9,88.6,0.2,0.3,2,47.9,52.1,68907,12852.83,87.5,1582,0.919385796545106
"Walpole High","Walpole",6.6,12.9,8.3,4.2,3.5,4.5,86.7,0.2,0,0.9,48.9,51.1,74124,13347.16,88.3,1589,0.956947162426614
"Waltham Sr High","Waltham",45,16.8,26,11.6,5,38.3,42.2,0.2,0.3,2.3,54.1,45.9,75383,18967.44,74.3,1444,1.17864923747277
"Ware Junior/Senior High School","Ware",2.3,16.6,40.6,2.5,1.1,8.8,83.8,0.4,0.2,3.2,52.4,47.6,61266,13467.5,58.3,1417,1.10084033613445
"Wareham Senior High","Wareham",1.2,23,42.9,9.7,1.5,9.8,67.6,0.8,0.2,10.4,51,49,68502,14305.66,76.3,1414,1.04081632653061
"Watertown High","Watertown",36.3,21.1,23.6,3.2,6.5,13,73.6,0.8,0.2,2.9,50.2,49.8,76887,18515.43,85.6,1524,1.00803212851406
"Wayland High School","Wayland",8.6,20.5,3.6,4.8,15,5.4,70.4,0,0.1,4.2,53.1,46.9,89900,16892.74,87.4,1807,1.13219616204691
"Bartlett High School","Webster",11.5,15.8,40.9,4.3,2.9,14.7,73.1,0,0,5,54.2,45.8,71242,13537.92,70.3,1454,1.18340611353712
"Wellesley Sr High","Wellesley",7.2,15.5,6.5,6.1,11.6,4.7,73.5,0,0.1,4,48.2,51.8,90041,16915.79,85.8,1813,0.930501930501931
"West Boylston Junior/Senior High","West Boylston",2.5,12.7,17,1.6,0.8,9.2,85,0.2,0,3.3,47.6,52.4,70796,13960.91,92.3,1552,0.908396946564886
"West Bridgewater Junior/Senior","West Bridgewater",0.8,7.9,14.1,3.1,1.3,2.4,90.8,0.2,0.2,2.1,44.9,55.1,66220,11117.07,86.9,1510,0.814882032667877
"West Springfield High","West Springfield",28.8,18.9,38.5,3.6,6.8,14.4,73.2,0.1,0.1,1.9,52.3,47.7,67340,12440.45,70.2,1474,1.09643605870021
"Westborough High","Westborough",18.3,10.7,7.6,2,21.2,4.5,70.1,0,0,2.3,49.3,50.7,78661,13568.55,85.5,1768,0.972386587771203
"Westfield High","Westfield",5.4,15.1,26.6,2.9,3.2,11.1,80.6,0.2,0.2,1.9,45.3,54.7,67184,13466.39,77.1,1556,0.828153564899451
"Westfield Technical Academy","Westfield",7.6,28.3,34.4,2.2,1.9,6.3,88,0.2,0.2,1.3,63.9,36.1,67184,13466.39,46.7,1309,1.77008310249307
"Westford Academy","Westford",10.1,9.8,3.6,0.7,20.5,1.1,74.1,0,0,3.6,51,49,76165,12435.21,91,1786,1.04081632653061
"Weston High","Weston",13.2,17,5.8,5.9,17,4.8,67.1,0.6,0,4.5,50.6,49.4,93953,21826.2,82,1834,1.02429149797571
"Westwood High","Westwood",3.4,18.1,4.1,3,7,1.9,86.5,0,0,1.6,47.4,52.6,86074,15349.89,87.9,1683,0.901140684410646
"Weymouth High School","Weymouth",8,15.4,24.7,4.3,4.8,6.8,81.3,0.2,0,2.7,52,48,79935,12778.32,62.7,1504,1.08333333333333
"Whitman Hanson Regional","Whitman",1.4,13.1,17.5,1.9,1.3,2.5,91.8,0.3,0.2,2.1,48.5,51.5,77887,11153.06,76.4,1516,0.941747572815534
"Whittier Regional Vocational","Haverhill",3.4,25.4,29.1,1.5,1.1,18.3,76,0.2,0,2.8,54.6,45.4,83260,18295.68,68.8,1371,1.20264317180617
"Wilmington High","Wilmington",2.4,13,8.1,2.4,5.2,3,87.5,0.1,0.1,1.7,49.4,50.6,71281,14116.94,86.9,1549,0.976284584980237
"Murdock High School","Winchendon",3.5,21.5,37,2.1,3.1,8,84.1,0.3,0,2.4,53.6,46.4,76449,13711.13,68.2,1383,1.1551724137931
"Winchester High School","Winchester",11.8,18,5.6,1.4,16.4,4.1,74.1,0.1,0,3.9,50.3,49.7,74033,12109.26,87.5,1790,1.01207243460765
"Winthrop High School","Winthrop",14.2,18.1,26.6,1.9,1.7,11.8,81.4,0.5,0,2.6,49.8,50.2,59424,12112.16,80.9,1444,0.99203187250996
"Woburn High","Woburn",17.6,14.3,22,6.1,6.4,11.9,73.8,0.1,0.2,1.6,49.1,50.8,73237,14451.77,76.3,1492,0.966535433070866
"Burncoat Senior High","Worcester",44,25.8,54.7,19.1,5.9,38.2,32.2,0.2,0,4.5,51.8,48.2,78256,13588.16,68.3,1355,1.0746887966805
"Claremont Academy","Worcester",78,11.7,65,9.2,9.8,72.4,7,0,0,1.7,50.4,49.6,78256,13588.16,59.3,1085,1.01612903225806
"Doherty Memorial High","Worcester",47.9,16.5,43.9,16.1,7.8,31.7,40.6,0.3,0,3.5,54.5,45.5,78256,13588.16,75.2,1405,1.1978021978022
"North High","Worcester",57.7,25.4,63.6,19.3,8.3,47.9,21,0.4,0,3.1,52.1,47.9,78256,13588.16,54.4,1193,1.08768267223382
"South High Community","Worcester",57.3,23.8,58.6,17.1,12.7,43.7,23.9,0.1,0,2.5,52.9,47.1,78256,13588.16,60.6,1345,1.12314225053079
"University Pk Campus School","Worcester",68.5,11,57.1,11.4,19.7,53.5,11.8,0.4,0,3.1,55.1,44.9,78256,13588.16,72.4,1334,1.2271714922049
"Worcester Technical High","Worcester",40.6,12.6,43.8,16.6,6.6,36.8,37.1,0,0,3,42.6,57.4,78256,13588.16,67.2,1291,0.742160278745645
